"Treatment","Rep","Day","GPP","AS","Nuts","Lake.ID","DOC","DOC2","GPPpre","meso"
"A",1,2,6.41175607588219e-07,1,0,1,7.87392295683958,61.9986627302454,69.9571968371661,"A1"
"A",1,3,69.211014388332,1,0,1,8.1826810294469,66.9562688296702,6.41175607588219e-07,"A1"
"A",1,4,80.8678843508698,1,0,1,8.49143910205422,72.1045380238954,69.211014388332,"A1"
"A",1,5,81.6409151315494,1,0,1,8.80019717466153,77.4434703129208,80.8678843508698,"A1"
"A",1,6,50.5442973003137,1,0,1,9.10895524726885,82.9730656967467,81.6409151315494,"A1"
"A",1,7,1.27775684587795e-07,1,0,1,9.41771331987617,88.693324175373,50.5442973003137,"A1"
"A",1,8,70.8111315257768,1,0,1,9.72647139248349,94.6042457487997,1.27775684587795e-07,"A1"
"A",1,9,2.05956744796699e-06,1,0,1,10.0352294650908,100.705830417027,70.8111315257768,"A1"
"A",1,10,26.2822679853877,1,0,1,9.96763756211398,99.3537985696655,2.05956744796699e-06,"A1"
"A",1,11,102.867083970833,1,0,1,9.90004565913715,98.0109040530003,26.2822679853877,"A1"
"A",1,12,96.9648941369638,1,0,1,9.83245375616032,96.6771468670312,102.867083970833,"A1"
"A",1,13,93.5683785038186,1,0,1,9.76486185318349,95.3525270117581,96.9648941369638,"A1"
"A",1,14,2.80901032575896,1,0,1,9.69726995020666,94.0370444871811,93.5683785038186,"A1"
"A",1,15,160.350294543688,1,0,1,9.62967804722983,92.7306992933001,2.80901032575896,"A1"
"A",1,16,94.5689813598894,1,0,1,9.562086144253,91.4334914301152,160.350294543688,"A1"
"A",1,17,55.8295206861004,1,0,1,9.82704956005265,96.570903055731,94.5689813598894,"A1"
"A",1,18,160.028494883531,1,0,1,10.0920129758523,101.848725904771,55.8295206861004,"A1"
"A",1,19,117.534366933942,1,0,1,10.3569763916519,107.266959977235,160.028494883531,"A1"
"A",1,20,233.278128102628,1,0,1,10.6219398074516,112.825605273125,117.534366933942,"A1"
"A",1,21,288.125294164399,1,0,1,10.8869032232512,118.524661792437,233.278128102628,"A1"
"A",1,22,310.265808876285,1,0,1,11.1518666390509,124.364129535176,288.125294164399,"A1"
"A",1,23,143.49104235312,1,0,1,11.4168300548505,130.344008501338,310.265808876285,"A1"
"A",1,24,213.849634294935,1,0,1,11.9419945863005,142.61123469923,143.49104235312,"A1"
"A",1,25,233.711399822145,1,0,1,12.4671591177504,155.430056467307,213.849634294935,"A1"
"A",1,26,242.429155481106,1,0,1,12.9923236492003,168.800473805569,233.711399822145,"A1"
"A",1,27,81.0212502112995,1,0,1,13.5174881806502,182.722486714018,242.429155481106,"A1"
"A",1,28,153.124213416337,1,0,1,14.0426527121002,197.196095192655,81.0212502112995,"A1"
"A",1,29,143.564642953372,1,0,1,14.5678172435501,212.221299241476,153.124213416337,"A1"
"A",1,30,88.9506259567674,1,0,1,15.092981775,227.798098860482,143.564642953372,"A1"
"A",1,31,96.2160456040519,1,0,1,15.7334977221429,247.542950572676,88.9506259567674,"A1"
"A",1,32,7.61091687420891e-06,1,0,1,16.3740136692857,268.108323641955,96.2160456040519,"A1"
"A",1,33,0.883909911758824,1,0,1,17.0145296164286,289.494218068326,7.61091687420891e-06,"A1"
"A",1,34,110.166430068136,1,0,1,17.6550455635714,311.700633851782,0.883909911758824,"A1"
"A",1,35,88.4184212060619,1,0,1,18.2955615107143,334.727570992331,110.166430068136,"A1"
"A",1,36,48.962991226539,1,0,1,18.9360774578571,358.575029489964,88.4184212060619,"A1"
"A",1,37,212.729737269966,1,0,1,19.576593405,383.24300934469,48.962991226539,"A1"
"A",1,38,48.4106586714079,1,0,1,20.2609187471429,410.504828478327,212.729737269966,"A1"
"A",1,39,136.342692423162,1,0,1,20.9452440892857,438.703249959758,48.4106586714079,"A1"
"A",1,40,177.09885985169,1,0,1,21.6295694314286,467.838273788991,136.342692423162,"A1"
"A",1,41,109.403396410058,1,0,1,22.3138947735714,497.909899966017,177.09885985169,"A1"
"A",1,42,35.866477466901,1,0,1,22.9982201157143,528.918128490846,109.403396410058,"A1"
"A",1,43,1.42987482421928e-06,1,0,1,23.6825454578571,560.862959363468,35.866477466901,"A1"
"A",1,44,9.79790739424198e-07,1,0,1,24.3668708,593.744392583893,1.42987482421928e-06,"A1"
"A",1,45,8.62844961820207e-06,1,0,1,24.5182074371429,601.14249593077,9.79790739424198e-07,"A1"
"A",1,46,3.27417259345991e-06,1,0,1,24.6695440742857,608.586404833125,8.62844961820207e-06,"A1"
"A",1,47,63.0617195808071,1,0,1,24.8208807114286,616.076119290968,3.27417259345991e-06,"A1"
"A",1,48,171.747203997092,1,0,1,24.9722173485714,623.611639304291,63.0617195808071,"A1"
"A",1,49,98.9253205598578,1,0,1,25.1235539857143,631.192964873101,171.747203997092,"A1"
"A",1,50,4.46210785848953e-06,1,0,1,25.2748906228571,638.82009599739,98.9253205598578,"A1"
"A",1,51,107.360990032368,1,0,1,25.42622726,646.493032677167,4.46210785848953e-06,"A1"
"A",1,52,138.35436732488,1,0,1,25.5470558542857,652.652062821993,107.360990032368,"A1"
"A",1,53,46.8390154094439,1,0,1,25.6678844485714,658.840292065213,138.35436732488,"A1"
"A",1,54,87.7510614672789,1,0,1,25.7887130428571,665.057720406828,46.8390154094439,"A1"
"A",1,55,59.3047599323516,1,0,1,25.9095416371429,671.304347846842,87.7510614672789,"A1"
"A",1,56,35.1107009146731,1,0,1,26.0303702314286,677.580174385244,59.3047599323516,"A1"
"A",1,57,8.73289526964583e-07,1,0,1,26.1511988257143,683.885200022041,35.1107009146731,"A1"
"A",1,58,111.187884995268,1,0,1,26.27202742,690.219424757232,8.73289526964583e-07,"A1"
"A",1,59,67.5971881207944,1,0,1,27.92755667,779.948421556062,111.187884995268,"A1"
"A",1,60,4.27552258279794e-07,1,0,1,29.58308592,875.158972550102,67.5971881207944,"A1"
"A",1,61,3.21073038703734e-06,1,0,1,31.23861517,975.851077739354,4.27552258279794e-07,"A1"
"A",1,62,2.65960256356959e-05,1,0,1,32.89414442,1082.02473712382,3.21073038703734e-06,"A1"
"A",1,63,2.9533003391193e-06,1,0,1,34.54967367,1193.67995070349,2.65960256356959e-05,"A1"
"A",1,64,26.5839752619624,1,0,1,36.20520292,1310.81671847838,2.9533003391193e-06,"A1"
"A",2,2,2.55280916190924e-08,1,0,11,4.57599224518504,20.9397050279936,120.839621159834,"A2"
"A",2,3,116.131101095509,1,0,11,5.01058596967335,25.1059717594874,2.55280916190924e-08,"A2"
"A",2,4,87.5836809053306,1,0,11,5.44517969416166,29.6499819017105,116.131101095509,"A2"
"A",2,5,138.170353086948,1,0,11,5.87977341864997,34.5717354546628,87.5836809053306,"A2"
"A",2,6,87.0075161458487,1,0,11,6.31436714313828,39.8712324183443,138.170353086948,"A2"
"A",2,7,76.1207021376791,1,0,11,6.74896086762659,45.5484727927551,87.0075161458487,"A2"
"A",2,8,79.5531394517342,1,0,11,7.1835545921149,51.6034565778951,76.1207021376791,"A2"
"A",2,9,5.46493123004874e-07,1,0,11,7.61814831660321,58.0361837737643,79.5531394517342,"A2"
"A",2,10,43.0276641178708,1,0,11,8.05727962274271,64.9197549190649,5.46493123004874e-07,"A2"
"A",2,11,110.070041228453,1,0,11,8.49641092888221,72.1889986724291,43.0276641178708,"A2"
"A",2,12,112.601148891562,1,0,11,8.93554223502171,79.8439150338568,110.070041228453,"A2"
"A",2,13,146.344193438888,1,0,11,9.37467354116121,87.8845040033481,112.601148891562,"A2"
"A",2,14,120.600394348877,1,0,11,9.81380484730071,96.3107655809029,146.344193438888,"A2"
"A",2,15,137.282817689715,1,0,11,10.2529361534402,105.122699766521,120.600394348877,"A2"
"A",2,16,90.3311378507229,1,0,11,10.6920674595797,114.320306560203,137.282817689715,"A2"
"A",2,17,41.4607177424173,1,0,11,10.9090586272885,119.007560133618,90.3311378507229,"A2"
"A",2,18,84.2537007090107,1,0,11,11.1260497949973,123.788984040759,41.4607177424173,"A2"
"A",2,19,108.488636024277,1,0,11,11.343040962706,128.664578281626,84.2537007090107,"A2"
"A",2,20,157.581529427172,1,0,11,11.5600321304148,133.634342856223,108.488636024277,"A2"
"A",2,21,150.72151207917,1,0,11,11.7770232981236,138.698277764546,157.581529427172,"A2"
"A",2,22,232.380759607584,1,0,11,11.9940144658324,143.856383006597,150.72151207917,"A2"
"A",2,23,102.868962961666,1,0,11,12.2110056335411,149.108658582372,232.380759607584,"A2"
"A",2,24,232.131914688922,1,0,11,12.5268240916067,156.921321822058,102.868962961666,"A2"
"A",2,25,242.284673764907,1,0,11,12.8426425496722,164.933467658651,232.131914688922,"A2"
"A",2,26,285.586228784265,1,0,11,13.1584610077378,173.145096092156,242.284673764907,"A2"
"A",2,27,326.642614256224,1,0,11,13.4742794658033,181.556207122568,285.586228784265,"A2"
"A",2,28,289.304470655499,1,0,11,13.7900979238689,190.166800749893,326.642614256224,"A2"
"A",2,29,193.174378315646,1,0,11,14.1059163819344,198.976876974125,289.304470655499,"A2"
"A",2,30,231.424649752069,1,0,11,14.42173484,207.98643579527,193.174378315646,"A2"
"A",2,31,398.673460117637,1,0,11,15.3896420685714,236.841082998743,231.424649752069,"A2"
"A",2,32,175.968026466153,1,0,11,16.3575492971429,267.56941900846,398.673460117637,"A2"
"A",2,33,140.167396628245,1,0,11,17.3254565257143,300.171443824416,175.968026466153,"A2"
"A",2,34,322.312473799519,1,0,11,18.2933637542857,334.647157446614,140.167396628245,"A2"
"A",2,35,279.445862779742,1,0,11,19.2612709828571,370.996559875053,322.312473799519,"A2"
"A",2,36,75.4216553437926,1,0,11,20.2291782114286,409.219651109738,279.445862779742,"A2"
"A",2,37,337.271613915759,1,0,11,21.19708544,449.31643115066,75.4216553437926,"A2"
"A",2,38,157.027724963811,1,0,11,22.0766107964286,487.376744256988,337.271613915759,"A2"
"A",2,39,175.345154348795,1,0,11,22.9561361528571,526.984187068513,157.027724963811,"A2"
"A",2,40,133.034223065575,1,0,11,23.8356615092857,568.138759585244,175.345154348795,"A2"
"A",2,41,105.013694388534,1,0,11,24.7151868657143,610.840461807177,133.034223065575,"A2"
"A",2,42,90.6644473280775,1,0,11,25.5947122221429,655.089293734311,105.013694388534,"A2"
"A",2,43,1.74756425926721e-06,1,0,11,26.4742375785714,700.885255366642,90.6644473280775,"A2"
"A",2,44,10.3770202283509,1,0,11,27.353762935,748.22834670418,1.74756425926721e-06,"A2"
"A",2,45,5.94466709612903e-06,1,0,11,27.2264770414286,741.281052087439,10.3770202283509,"A2"
"A",2,46,71.9321639321023,1,0,11,27.0991911478571,734.366160868096,5.94466709612903e-06,"A2"
"A",2,47,106.361362925753,1,0,11,26.9719052542857,727.483673046165,71.9321639321023,"A2"
"A",2,48,235.126524862003,1,0,11,26.8446193607143,720.633588621637,106.361362925753,"A2"
"A",2,49,118.615938692285,1,0,11,26.7173334671429,713.815907594514,235.126524862003,"A2"
"A",2,50,100.271033674436,1,0,11,26.5900475735714,707.03062996479,118.615938692285,"A2"
"A",2,51,189.88417124367,1,0,11,26.46276168,700.277755732476,100.271033674436,"A2"
"A",2,52,170.133292472709,1,0,11,27.2574989992857,742.971251696061,189.88417124367,"A2"
"A",2,53,80.6678134295906,1,0,11,28.0522363185714,786.927962472976,170.133292472709,"A2"
"A",2,54,227.278093902938,1,0,11,28.8469736378571,832.147888063223,80.6678134295906,"A2"
"A",2,55,164.264075539729,1,0,11,29.6417109571429,878.631028466806,227.278093902938,"A2"
"A",2,56,241.924754430804,1,0,11,30.4364482764286,926.377383683713,164.264075539729,"A2"
"A",2,57,93.603429170016,1,0,11,31.2311855957143,975.386953713952,241.924754430804,"A2"
"A",2,58,189.597867527227,1,0,11,32.025922915,1025.65973855752,93.603429170016,"A2"
"A",2,59,120.403269577786,1,0,11,34.5324380375,1192.48927681378,189.597867527227,"A2"
"A",2,60,96.7116614336468,1,0,11,37.03895316,1371.88405118867,120.403269577786,"A2"
"A",2,61,26.1975732984924,1,0,11,39.5454682825,1563.84406168221,96.7116614336468,"A2"
"A",2,62,98.5340434548636,1,0,11,42.051983405,1768.3693082944,26.1975732984924,"A2"
"A",2,63,86.0268870030949,1,0,11,44.5584985275,1985.45979102522,98.5340434548636,"A2"
"A",2,64,78.2893448421981,1,0,11,47.06501365,2215.11550987469,86.0268870030949,"A2"
"A",3,2,1.63864282677899e-07,1,0,12,4.57599224518504,20.9397050279936,87.3999169945429,"A3"
"A",3,3,50.1014961618722,1,0,12,5.01058596967335,25.1059717594874,1.63864282677899e-07,"A3"
"A",3,4,35.7664973377187,1,0,12,5.44517969416166,29.6499819017105,50.1014961618722,"A3"
"A",3,5,63.8602353006666,1,0,12,5.87977341864997,34.5717354546628,35.7664973377187,"A3"
"A",3,6,19.3231987455126,1,0,12,6.31436714313828,39.8712324183443,63.8602353006666,"A3"
"A",3,7,9.58527398452562e-07,1,0,12,6.74896086762659,45.5484727927551,19.3231987455126,"A3"
"A",3,8,29.1304074312251,1,0,12,7.1835545921149,51.6034565778951,9.58527398452562e-07,"A3"
"A",3,9,46.3699084071073,1,0,12,7.61814831660321,58.0361837737643,29.1304074312251,"A3"
"A",3,10,63.3723547021176,1,0,12,8.05727962274271,64.9197549190649,46.3699084071073,"A3"
"A",3,11,131.335002209958,1,0,12,8.49641092888221,72.1889986724291,63.3723547021176,"A3"
"A",3,12,99.5283482333552,1,0,12,8.93554223502171,79.8439150338568,131.335002209958,"A3"
"A",3,13,136.47001921149,1,0,12,9.37467354116121,87.8845040033481,99.5283482333552,"A3"
"A",3,14,99.4690938179854,1,0,12,9.81380484730071,96.3107655809029,136.47001921149,"A3"
"A",3,15,112.066197455764,1,0,12,10.2529361534402,105.122699766521,99.4690938179854,"A3"
"A",3,16,89.9700437526214,1,0,12,10.6920674595797,114.320306560203,112.066197455764,"A3"
"A",3,17,22.8902066923856,1,0,12,10.9090586272885,119.007560133618,89.9700437526214,"A3"
"A",3,18,182.769184947115,1,0,12,11.1260497949973,123.788984040759,22.8902066923856,"A3"
"A",3,19,126.604852089652,1,0,12,11.343040962706,128.664578281626,182.769184947115,"A3"
"A",3,20,14.663065365327,1,0,12,11.5600321304148,133.634342856223,126.604852089652,"A3"
"A",3,21,17.9022030755192,1,0,12,11.7770232981236,138.698277764546,14.663065365327,"A3"
"A",3,22,120.116320431732,1,0,12,11.9940144658324,143.856383006597,17.9022030755192,"A3"
"A",3,23,25.1078322004599,1,0,12,12.2110056335411,149.108658582372,120.116320431732,"A3"
"A",3,24,136.169404873326,1,0,12,12.5268240916067,156.921321822058,25.1078322004599,"A3"
"A",3,25,1.36662681042444e-05,1,0,12,12.8426425496722,164.933467658651,136.169404873326,"A3"
"A",3,26,171.512812134512,1,0,12,13.1584610077378,173.145096092156,1.36662681042444e-05,"A3"
"A",3,27,164.742094914663,1,0,12,13.4742794658033,181.556207122568,171.512812134512,"A3"
"A",3,28,107.746178273463,1,0,12,13.7900979238689,190.166800749893,164.742094914663,"A3"
"A",3,29,148.554831886418,1,0,12,14.1059163819344,198.976876974125,107.746178273463,"A3"
"A",3,30,167.992157315887,1,0,12,14.42173484,207.98643579527,148.554831886418,"A3"
"A",3,31,283.922642895593,1,0,12,15.3896420685714,236.841082998743,167.992157315887,"A3"
"A",3,32,180.087525184093,1,0,12,16.3575492971429,267.56941900846,283.922642895593,"A3"
"A",3,33,83.2023514792633,1,0,12,17.3254565257143,300.171443824416,180.087525184093,"A3"
"A",3,34,307.840551694618,1,0,12,18.2933637542857,334.647157446614,83.2023514792633,"A3"
"A",3,35,277.116195365994,1,0,12,19.2612709828571,370.996559875053,307.840551694618,"A3"
"A",3,36,100.692083927611,1,0,12,20.2291782114286,409.219651109738,277.116195365994,"A3"
"A",3,37,426.586314343014,1,0,12,21.19708544,449.31643115066,100.692083927611,"A3"
"A",3,38,172.263846632836,1,0,12,22.0766107964286,487.376744256988,426.586314343014,"A3"
"A",3,39,294.701727116934,1,0,12,22.9561361528571,526.984187068513,172.263846632836,"A3"
"A",3,40,289.329729473923,1,0,12,23.8356615092857,568.138759585244,294.701727116934,"A3"
"A",3,41,200.947084035081,1,0,12,24.7151868657143,610.840461807177,289.329729473923,"A3"
"A",3,42,91.8255171775909,1,0,12,25.5947122221429,655.089293734311,200.947084035081,"A3"
"A",3,43,2.3921949135039e-06,1,0,12,26.4742375785714,700.885255366642,91.8255171775909,"A3"
"A",3,44,23.7421023929269,1,0,12,27.353762935,748.22834670418,2.3921949135039e-06,"A3"
"A",3,45,101.311230113618,1,0,12,27.2264770414286,741.281052087439,23.7421023929269,"A3"
"A",3,46,7.25163762286995e-06,1,0,12,27.0991911478571,734.366160868096,101.311230113618,"A3"
"A",3,47,222.746019885816,1,0,12,26.9719052542857,727.483673046165,7.25163762286995e-06,"A3"
"A",3,48,385.967335496226,1,0,12,26.8446193607143,720.633588621637,222.746019885816,"A3"
"A",3,49,353.029301484701,1,0,12,26.7173334671429,713.815907594514,385.967335496226,"A3"
"A",3,50,154.052564300664,1,0,12,26.5900475735714,707.03062996479,353.029301484701,"A3"
"A",3,51,291.079074869917,1,0,12,26.46276168,700.277755732476,154.052564300664,"A3"
"A",3,52,180.057789685272,1,0,12,27.2574989992857,742.971251696061,291.079074869917,"A3"
"A",3,53,88.6320265299407,1,0,12,28.0522363185714,786.927962472976,180.057789685272,"A3"
"A",3,54,210.092196469191,1,0,12,28.8469736378571,832.147888063223,88.6320265299407,"A3"
"A",3,55,202.706158209765,1,0,12,29.6417109571429,878.631028466806,210.092196469191,"A3"
"A",3,56,292.696782141814,1,0,12,30.4364482764286,926.377383683713,202.706158209765,"A3"
"A",3,57,75.5601027398261,1,0,12,31.2311855957143,975.386953713952,292.696782141814,"A3"
"A",3,58,290.68076624445,1,0,12,32.025922915,1025.65973855752,75.5601027398261,"A3"
"A",3,59,181.328652704436,1,0,12,34.5324380375,1192.48927681378,290.68076624445,"A3"
"A",3,60,0.000343732880437774,1,0,12,37.03895316,1371.88405118867,181.328652704436,"A3"
"A",3,61,3.58893335417557e-05,1,0,12,39.5454682825,1563.84406168221,0.000343732880437774,"A3"
"A",3,62,7.138286359134e-06,1,0,12,42.051983405,1768.3693082944,3.58893335417557e-05,"A3"
"A",3,63,1.34449217548851e-05,1,0,12,44.5584985275,1985.45979102522,7.138286359134e-06,"A3"
"A",3,64,1.12886553623912e-08,1,0,12,47.06501365,2215.11550987469,1.34449217548851e-05,"A3"
"B",1,2,1.15027941075289e-06,1,1,3,11.9041912466322,141.709769236395,155.047342408237,"B1"
"B",1,3,95.4823091169611,1,1,3,11.2829317067392,127.304547898941,1.15027941075289e-06,"B1"
"B",1,4,91.1887883949628,1,1,3,10.6616721668462,113.671253393303,95.4823091169611,"B1"
"B",1,5,115.500582321214,1,1,3,10.0404126269532,100.809885719481,91.1887883949628,"B1"
"B",1,6,108.852273479565,1,1,3,9.41915308706015,88.7204448774748,115.500582321214,"B1"
"B",1,7,6.61555508660809e-06,1,1,3,8.79789354716713,77.402930867285,108.852273479565,"B1"
"B",1,8,85.7626749236582,1,1,3,8.17663400727412,66.8573436889116,6.61555508660809e-06,"B1"
"B",1,9,3.09617828010634e-07,1,1,3,7.55537446738111,57.0836833423544,85.7626749236582,"B1"
"B",1,10,46.4658943220027,1,1,3,7.57520211831496,57.3836871333234,3.09617828010634e-07,"B1"
"B",1,11,191.556628551056,1,1,3,7.59502976924881,57.6844771957756,46.4658943220027,"B1"
"B",1,12,65.6696711750888,1,1,3,7.61485742018266,57.9860535297109,191.556628551056,"B1"
"B",1,13,173.068989446166,1,1,3,7.6346850711165,58.2884161351292,65.6696711750888,"B1"
"B",1,14,157.978262160814,1,1,3,7.65451272205035,58.5915650120307,173.068989446166,"B1"
"B",1,15,228.253520360706,1,1,3,7.6743403729842,58.8955001604153,157.978262160814,"B1"
"B",1,23,117.121977638267,1,1,3,11.4248927510809,130.528174373701,193.398769990067,"B1"
"B",1,24,221.845064346778,1,1,3,11.2009101010693,125.460387092236,117.121977638267,"B1"
"B",1,25,9.1611635528592e-05,1,1,3,10.9769274510578,120.492936265786,221.845064346778,"B1"
"B",1,26,340.807553589469,1,1,3,10.7529448010462,115.625821894346,9.1611635528592e-05,"B1"
"B",1,27,164.146455198048,1,1,3,10.5289621510347,110.859043977921,340.807553589469,"B1"
"B",1,28,229.362016542868,1,1,3,10.3049795010231,106.192602516506,164.146455198048,"B1"
"B",1,29,235.061411354361,1,1,3,10.0809968510116,101.626497510106,229.362016542868,"B1"
"B",1,30,127.895539765887,1,1,3,9.857014201,97.1607289587157,235.061411354361,"B1"
"B",1,31,263.500320370725,1,1,3,10.8512425151429,117.749464122445,127.895539765887,"B1"
"B",1,32,67.7422965170047,1,1,3,11.8454708292857,140.315179167458,263.500320370725,"B1"
"B",1,33,97.6745893346462,1,1,3,12.8396991434286,164.857874093761,67.7422965170047,"B1"
"B",1,34,123.584883463181,1,1,3,13.8339274575714,191.377548901348,97.6745893346462,"B1"
"B",1,35,110.059339951255,1,1,3,14.8281557717143,219.874203590224,123.584883463181,"B1"
"B",1,36,89.7898236644235,1,1,3,15.8223840858571,250.347838160384,110.059339951255,"B1"
"B",1,37,284.439922751616,1,1,3,16.8166124,282.798452611834,89.7898236644235,"B1"
"B",1,38,48.3154012885982,1,1,3,17.6315871014286,310.872863715263,284.439922751616,"B1"
"B",1,39,184.909343749318,1,1,3,18.4465618028571,340.275642346627,48.3154012885982,"B1"
"B",1,40,159.981064876594,1,1,3,19.2615365042857,371.006788505931,184.909343749318,"B1"
"B",1,41,158.191113522719,1,1,3,20.0765112057143,403.066302193172,159.981064876594,"B1"
"B",1,42,69.4868425628655,1,1,3,20.8914859071429,436.45418340835,158.191113522719,"B1"
"B",1,43,1.9425877066716e-05,1,1,3,21.7064606085714,471.170432151462,69.4868425628655,"B1"
"B",1,44,54.9497402637099,1,1,3,22.52143531,507.215048422515,1.9425877066716e-05,"B1"
"B",1,45,35.7796874299132,1,1,3,22.9491013857143,526.661254411794,54.9497402637099,"B1"
"B",1,46,37.9128745025595,1,1,3,23.3767674614286,546.473256945707,35.7796874299132,"B1"
"B",1,47,60.4717495479433,1,1,3,23.8044335371429,566.651056024254,37.9128745025595,"B1"
"B",1,48,192.593205254484,1,1,3,24.2320996128571,587.194651647429,60.4717495479433,"B1"
"B",1,49,82.9605551927612,1,1,3,24.6597656885714,608.104043815243,192.593205254484,"B1"
"B",1,50,2.85540735363484e-06,1,1,3,25.0874317642857,629.379232527691,82.9605551927612,"B1"
"B",1,51,30.4770867964179,1,1,3,25.51509784,651.020217784773,2.85540735363484e-06,"B1"
"B",1,52,118.472420620375,1,1,3,25.8583284892857,668.653152259805,30.4770867964179,"B1"
"B",1,53,42.2614770715264,1,1,3,26.2015591385714,686.521701292054,118.472420620375,"B1"
"B",1,54,1.66416391856836e-05,1,1,3,26.5447897878571,704.625864881522,42.2614770715264,"B1"
"B",1,55,1.17405570810631e-06,1,1,3,26.8880204371429,722.965643028214,1.66416391856836e-05,"B1"
"B",1,56,134.953167588314,1,1,3,27.2312510864286,741.541035732119,1.17405570810631e-06,"B1"
"B",1,57,1.07675748192796e-05,1,1,3,27.5744817357143,760.352042993242,134.953167588314,"B1"
"B",1,58,124.982089480146,1,1,3,27.917712385,779.398664811582,1.07675748192796e-05,"B1"
"B",1,59,31.1537773020369,1,1,3,29.2264407525,854.184839059393,124.982089480146,"B1"
"B",1,60,5.75581279326135e-05,1,1,3,30.53516912,932.396553187001,31.1537773020369,"B1"
"B",1,61,0.000345018429441263,1,1,3,31.8438974875,1014.03380719441,5.75581279326135e-05,"B1"
"B",1,62,3.08241409050146e-05,1,1,3,33.152625855,1099.09660108161,0.000345018429441263,"B1"
"B",1,63,0.000229970941535546,1,1,3,34.4613542225,1187.58493484862,3.08241409050146e-05,"B1"
"B",1,64,7.89409996794274e-05,1,1,3,35.77008259,1279.49880849542,0.000229970941535546,"B1"
"B",2,2,6.28395839023401,1,1,5,5.79211198703885,33.5485612703991,91.1725800286341,"B2"
"B",2,3,28.0441096360157,1,1,5,6.09773051115331,37.18231738665,6.28395839023401,"B2"
"B",2,4,69.1391217844176,1,1,5,6.40334903526778,41.0028788674648,28.0441096360157,"B2"
"B",2,5,66.9781471711991,1,1,5,6.70896755938224,45.0102457128433,69.1391217844176,"B2"
"B",2,6,86.6716751001617,1,1,5,7.01458608349671,49.2044179227857,66.9781471711991,"B2"
"B",2,7,1.01482570870553e-06,1,1,5,7.32020460761117,53.5853954972918,86.6716751001617,"B2"
"B",2,8,51.9938248134396,1,1,5,7.62582313172564,58.1531784363618,1.01482570870553e-06,"B2"
"B",2,9,2.61703327262205e-06,1,1,5,7.93144165584011,62.9077667399957,51.9938248134396,"B2"
"B",2,10,79.195114051245,1,1,5,8.16945573945679,66.7400070789435,2.61703327262205e-06,"B2"
"B",2,11,127.889243791411,1,1,5,8.40746982307347,70.685548825891,79.195114051245,"B2"
"B",2,12,175.160145506888,1,1,5,8.64548390669016,74.7443919808385,127.889243791411,"B2"
"B",2,13,850.210663130844,1,1,5,8.88349799030684,78.9165365437857,175.160145506888,"B2"
"B",2,14,545.688132702887,1,1,5,9.12151207392353,83.2019825147327,850.210663130844,"B2"
"B",2,15,543.577224375619,1,1,5,9.35952615754021,87.6007298936794,545.688132702887,"B2"
"B",2,22,316.881859602101,1,1,5,10.421416160043,108.605914780805,359.653700151069,"B2"
"B",2,23,277.464232041006,1,1,5,10.5587288131907,111.486754150503,316.881859602101,"B2"
"B",2,24,340.953395749219,1,1,5,10.712184856592,114.750904401799,277.464232041006,"B2"
"B",2,25,211.729481205081,1,1,5,10.8656408999933,118.062152167607,340.953395749219,"B2"
"B",2,26,236.903222543938,1,1,5,11.0190969433947,121.42049744793,211.729481205081,"B2"
"B",2,27,89.2784142862076,1,1,5,11.172552986796,124.825940242764,236.903222543938,"B2"
"B",2,28,149.601892546007,1,1,5,11.3260090301973,128.278480552111,89.2784142862076,"B2"
"B",2,29,105.93684916543,1,1,5,11.4794650735987,131.778118375972,149.601892546007,"B2"
"B",2,30,145.097182752598,1,1,5,11.632921117,135.324853714345,105.93684916543,"B2"
"B",2,31,214.595539773874,1,1,5,12.7738175952857,163.170415957631,145.097182752598,"B2"
"B",2,32,111.109261329789,1,1,5,13.9147140735714,193.619267749246,214.595539773874,"B2"
"B",2,33,101.524677426144,1,1,5,15.0556105518571,226.671409089191,111.109261329789,"B2"
"B",2,34,180.743778590037,1,1,5,16.1965070301429,262.326839977468,101.524677426144,"B2"
"B",2,35,189.472415816308,1,1,5,17.3374035084286,300.585560414072,180.743778590037,"B2"
"B",2,36,138.254350555191,1,1,5,18.4782999867143,341.447570399006,189.472415816308,"B2"
"B",2,37,256.113444452156,1,1,5,19.619196465,384.912869932269,138.254350555191,"B2"
"B",2,38,122.162595556501,1,1,5,20.2587641242857,410.417523843445,256.113444452156,"B2"
"B",2,39,204.439630861643,1,1,5,20.8983317835714,436.740271336231,122.162595556501,"B2"
"B",2,40,253.520403123913,1,1,5,21.5378994428571,463.881112410624,204.439630861643,"B2"
"B",2,41,268.208377728572,1,1,5,22.1774671021429,491.840047066631,253.520403123913,"B2"
"B",2,42,83.1356483203123,1,1,5,22.8170347614286,520.617075304241,268.208377728572,"B2"
"B",2,43,1.12773758092277e-05,1,1,5,23.4566024207143,550.21219712346,83.1356483203123,"B2"
"B",2,44,49.5421857644016,1,1,5,24.09617008,580.625412524287,1.12773758092277e-05,"B2"
"B",2,45,9.35183534729029e-06,1,1,5,24.2914410114286,590.074106411715,49.5421857644016,"B2"
"B",2,46,71.5286686150174,1,1,5,24.4867119428571,599.59906177246,9.35183534729029e-06,"B2"
"B",2,47,126.9128606346,1,1,5,24.6819828742857,609.200278606533,71.5286686150174,"B2"
"B",2,48,287.309071856923,1,1,5,24.8772538057143,618.877756913927,126.9128606346,"B2"
"B",2,49,154.464240800533,1,1,5,25.0725247371429,628.631496694643,287.309071856923,"B2"
"B",2,50,7.92201032186886e-05,1,1,5,25.2677956685714,638.461497948676,154.464240800533,"B2"
"B",2,51,125.26756837143,1,1,5,25.4630666,648.367760676036,7.92201032186886e-05,"B2"
"B",2,52,147.878650056544,1,1,5,25.8943884978571,670.519355677954,125.26756837143,"B2"
"B",2,53,42.7818150506955,1,1,5,26.3257103957143,693.04302783902,147.878650056544,"B2"
"B",2,54,93.3326358992179,1,1,5,26.7570322935714,715.938777159223,42.7818150506955,"B2"
"B",2,55,103.768017008107,1,1,5,27.1883541914286,739.206603638573,93.3326358992179,"B2"
"B",2,56,130.764003362604,1,1,5,27.6196760892857,762.84650727706,103.768017008107,"B2"
"B",2,57,39.3906492648506,1,1,5,28.0509979871429,786.858488074695,130.764003362604,"B2"
"B",2,58,213.442570617572,1,1,5,28.482319885,811.242546031466,39.3906492648506,"B2"
"B",2,59,65.6558263424348,1,1,5,30.2372314316667,914.290164652173,213.442570617572,"B2"
"B",2,60,4.23679156200253e-05,1,1,5,31.9921429783333,1023.49721234612,65.6558263424348,"B2"
"B",2,61,3.95652824317266e-05,1,1,5,33.747054525,1138.86368911332,4.23679156200253e-05,"B2"
"B",2,62,2.32693137828173e-05,1,1,5,35.5019660716667,1260.38959495377,3.95652824317266e-05,"B2"
"B",2,63,7.99517431218135e-07,1,1,5,37.2568776183333,1388.07492986746,2.32693137828173e-05,"B2"
"B",2,64,2.98285780751702e-06,1,1,5,39.011789165,1521.91969385441,7.99517431218135e-07,"B2"
"B",3,2,17.8935640360851,1,1,10,8.44810210981602,71.3704292578779,100.778430945029,"B3"
"B",3,3,86.5469306720179,1,1,10,8.33932769906535,69.5443864723986,17.8935640360851,"B3"
"B",3,4,64.6458655859717,1,1,10,8.23055328831467,67.7420074317874,86.5469306720179,"B3"
"B",3,5,124.121844398723,1,1,10,8.12177887756399,65.9632921360446,64.6458655859717,"B3"
"B",3,6,104.609879958298,1,1,10,8.01300446681331,64.2082405851701,124.121844398723,"B3"
"B",3,7,11.7342448794592,1,1,10,7.90423005606264,62.476852779164,104.609879958298,"B3"
"B",3,8,103.906014662323,1,1,10,7.79545564531196,60.7691287180261,11.7342448794592,"B3"
"B",3,9,6.52574118838787,1,1,10,7.68668123456128,59.0850684017565,103.906014662323,"B3"
"B",3,10,105.49455712308,1,1,10,8.01596868164609,64.2557539051309,6.52574118838787,"B3"
"B",3,11,170.948004936269,1,1,10,8.3452561287309,69.6432998541207,105.49455712308,"B3"
"B",3,12,236.659030424848,1,1,10,8.67454357581571,75.2477062487256,170.948004936269,"B3"
"B",3,13,189.511281515019,1,1,10,9.00383102290052,81.0689730889458,236.659030424848,"B3"
"B",3,14,189.162166051204,1,1,10,9.33311846998533,87.1071003747813,189.511281515019,"B3"
"B",3,15,289.580453899076,1,1,10,9.66240591707014,93.3620881062321,189.162166051204,"B3"
"B",3,16,231.72019795896,1,1,10,9.99169336415495,99.8339362832981,289.580453899076,"B3"
"B",3,17,87.1306099151203,1,1,10,10.3553864308286,107.234028131789,231.72019795896,"B3"
"B",3,18,257.083607345839,1,1,10,10.7190794975023,114.898665273774,87.1306099151203,"B3"
"B",3,19,210.480314525297,1,1,10,11.082772564176,122.827847709252,257.083607345839,"B3"
"B",3,20,228.545957405383,1,1,10,11.4464656308497,131.021575438223,210.480314525297,"B3"
"B",3,21,265.981149426701,1,1,10,11.8101586975234,139.479848460688,228.545957405383,"B3"
"B",3,22,286.715417225959,1,1,10,12.1738517641971,148.202666776645,265.981149426701,"B3"
"B",3,23,255.164757908439,1,1,10,12.5375448308708,157.190030386095,286.715417225959,"B3"
"B",3,24,327.378320632251,1,1,10,13.0999110793178,171.607670286033,255.164757908439,"B3"
"B",3,25,390.756549863865,1,1,10,13.6622773277648,186.657821780756,327.378320632251,"B3"
"B",3,26,342.606895940261,1,1,10,14.2246435762119,202.340484870266,390.756549863865,"B3"
"B",3,27,314.190425036229,1,1,10,14.7870098246589,218.655659554559,342.606895940261,"B3"
"B",3,28,578.947496518217,1,1,10,15.3493760731059,235.603345833636,314.190425036229,"B3"
"B",3,29,0.00646214305120371,1,1,10,15.911742321553,253.183543707501,578.947496518217,"B3"
"B",3,30,57.0595297583473,1,1,10,16.47410857,271.396253176147,0.00646214305120371,"B3"
"B",3,31,342.154754486042,1,1,10,17.347826475,300.947083406711,57.0595297583473,"B3"
"B",3,32,307.094961211905,1,1,10,18.22154438,332.02467959231,342.154754486042,"B3"
"B",3,33,345.05284051419,1,1,10,19.095262285,364.629041732943,307.094961211905,"B3"
"B",3,34,484.034914561335,1,1,10,19.96898019,398.760169828612,345.05284051419,"B3"
"B",3,35,609.996913015901,1,1,10,20.842698095,434.418063879317,484.034914561335,"B3"
"B",3,36,383.305950687844,1,1,10,21.716416,471.602723885056,609.996913015901,"B3"
"B",3,37,603.072949327892,1,1,10,22.590133905,510.31414984583,383.305950687844,"B3"
"B",3,38,515.180865441917,1,1,10,22.6533808142857,513.175662317047,603.072949327892,"B3"
"B",3,39,656.163605245853,1,1,10,22.7166277235714,516.045175131333,515.180865441917,"B3"
"B",3,40,557.86569564147,1,1,10,22.7798746328571,518.922688288686,656.163605245853,"B3"
"B",3,41,480.658665633737,1,1,10,22.8431215421429,521.808201789113,557.86569564147,"B3"
"B",3,42,483.924229444905,1,1,10,22.9063684514286,524.701715632604,480.658665633737,"B3"
"B",3,43,278.680810562529,1,1,10,22.9696153607143,527.603229819162,483.924229444905,"B3"
"B",3,44,91.1869227032597,1,1,10,23.03286227,530.51274434879,278.680810562529,"B3"
"B",3,45,223.389921823779,1,1,10,23.1592658892857,536.351596530632,91.1869227032597,"B3"
"B",3,46,441.730343143189,1,1,10,23.2856695085714,542.222404462412,223.389921823779,"B3"
"B",3,47,497.118437112084,1,1,10,23.4120731278571,548.125168144128,441.730343143189,"B3"
"B",3,48,544.738553818815,1,1,10,23.5384767471429,554.059887575787,497.118437112084,"B3"
"B",3,49,468.785528384432,1,1,10,23.6648803664286,560.026562757378,544.738553818815,"B3"
"B",3,50,156.400042762327,1,1,10,23.7912839857143,566.025193688906,468.785528384432,"B3"
"B",3,51,533.70621769437,1,1,10,23.917687605,572.055780370371,156.400042762327,"B3"
"B",3,52,623.320043289405,1,1,10,24.7519639678571,612.659720266096,533.70621769437,"B3"
"B",3,53,355.086620738331,1,1,10,25.5862403307143,654.655694261071,623.320043289405,"B3"
"B",3,54,486.617887466406,1,1,10,26.4205166935714,698.043702355285,355.086620738331,"B3"
"B",3,55,539.323356924557,1,1,10,27.2547930564286,742.823744548749,486.617887466406,"B3"
"B",3,56,508.937181535101,1,1,10,28.0890694192857,788.995820841451,539.323356924557,"B3"
"B",3,57,533.480516749035,1,1,10,28.9233457821429,836.559931233403,508.937181535101,"B3"
"B",3,58,523.322764853869,1,1,10,29.757622145,885.516075724594,533.480516749035,"B3"
"B",3,59,519.208460994938,1,1,10,31.9545744366667,1021.09482742847,523.322764853869,"B3"
"B",3,60,2.74531494143698e-05,1,1,10,34.1515267283333,1166.32677787606,519.208460994938,"B3"
"B",3,61,18.9717373326137,1,1,10,36.34847902,1321.21192706738,2.74531494143698e-05,"B3"
"B",3,62,132.757370344958,1,1,10,38.5454313116667,1485.75027500242,18.9717373326137,"B3"
"B",3,63,75.2232410991575,1,1,10,40.7423836033333,1659.94182168116,132.757370344958,"B3"
"B",3,64,95.7124611326334,1,1,10,42.939335895,1843.78656710364,75.2232410991575,"B3"
"C",1,2,0.000112622776943398,0,0,4,7.09155346905774,50.2901306045049,172.272425560986,"C1"
"C",1,3,56.7342090739898,0,0,4,7.31306165031508,53.4808707013091,0.000112622776943398,"C1"
"C",1,4,96.4454515133411,0,0,4,7.53456983157242,56.7697425468413,56.7342090739898,"C1"
"C",1,5,140.625898239548,0,0,4,7.75607801282975,60.1567461411011,96.4454515133411,"C1"
"C",1,6,90.7654585224624,0,0,4,7.97758619408708,63.6418814840888,140.625898239548,"C1"
"C",1,7,87.3492988864504,0,0,4,8.19909437534442,67.2251485758045,90.7654585224624,"C1"
"C",1,8,89.1499727221459,0,0,4,8.42060255660176,70.9065474162481,87.3492988864504,"C1"
"C",1,9,9.66656273008097e-07,0,0,4,8.64211073785909,74.6860780054194,89.1499727221459,"C1"
"C",1,10,80.4245258651923,0,0,4,8.83265364060926,78.015770334968,9.66656273008097e-07,"C1"
"C",1,11,86.5408730715103,0,0,4,9.02319654335943,81.4180758600936,80.4245258651923,"C1"
"C",1,12,4.75982778875614e-07,0,0,4,9.2137394461096,84.892994580796,86.5408730715103,"C1"
"C",1,13,1.59049371784195e-06,0,0,4,9.40428234885977,88.4405264970754,4.75982778875614e-07,"C1"
"C",1,14,43.5937870950863,0,0,4,9.59482525160994,92.0606716089318,1.59049371784195e-06,"C1"
"C",1,15,107.368044435611,0,0,4,9.78536815436011,95.753429916365,43.5937870950863,"C1"
"C",1,16,193.580603847645,0,0,4,9.97591105711028,99.5188014193751,107.368044435611,"C1"
"C",1,17,61.5816342757337,0,0,4,10.2031271331399,104.103803295016,193.580603847645,"C1"
"C",1,18,146.208291282865,0,0,4,10.4303432091695,108.792059461068,61.5816342757337,"C1"
"C",1,19,151.725222705339,0,0,4,10.6575592851991,113.583569917534,146.208291282865,"C1"
"C",1,20,81.4179999996669,0,0,4,10.8847753612287,118.478334664411,151.725222705339,"C1"
"C",1,21,6.49642357303841e-07,0,0,4,11.1119914372583,123.476353701702,81.4179999996669,"C1"
"C",1,22,143.241680802114,0,0,4,11.3392075132879,128.577627029405,6.49642357303841e-07,"C1"
"C",1,23,102.818257757539,0,0,4,11.5664235893175,133.78215464752,143.241680802114,"C1"
"C",1,24,179.897740478467,0,0,4,12.059697044415,145.436292803072,102.818257757539,"C1"
"C",1,25,126.008070554785,0,0,4,12.5529704995125,157.577068361631,179.897740478467,"C1"
"C",1,26,244.610303652703,0,0,4,13.04624395461,170.204481323198,126.008070554785,"C1"
"C",1,27,149.097132920533,0,0,4,13.5395174097075,183.318531687772,244.610303652703,"C1"
"C",1,28,124.766737377431,0,0,4,14.032790864805,196.919219455355,149.097132920533,"C1"
"C",1,29,161.922032615254,0,0,4,14.5260643199025,211.006544625945,124.766737377431,"C1"
"C",1,30,161.945412930871,0,0,4,15.019337775,225.580507199542,161.922032615254,"C1"
"C",1,31,163.406078085645,0,0,4,15.522101615,240.935638546386,161.945412930871,"C1"
"C",1,32,106.357163294882,0,0,4,16.024865455,256.796312850852,163.406078085645,"C1"
"C",1,33,112.935068619207,0,0,4,16.527629295,273.162530112942,106.357163294882,"C1"
"C",1,34,108.178703962277,0,0,4,17.030393135,290.034290332655,112.935068619207,"C1"
"C",1,35,151.323777563369,0,0,4,17.533156975,307.411593509991,108.178703962277,"C1"
"C",1,36,160.249872057106,0,0,4,18.035920815,325.29443964495,151.323777563369,"C1"
"C",1,37,278.280217868475,0,0,4,18.538684655,343.682828737532,160.249872057106,"C1"
"C",1,38,122.463979807888,0,0,4,19.3865141757143,375.836931885172,278.280217868475,"C1"
"C",1,39,261.021601844947,0,0,4,20.2343436964286,409.4286648252,122.463979807888,"C1"
"C",1,40,174.67541026482,0,0,4,21.0821732171429,444.458027557617,261.021601844947,"C1"
"C",1,41,175.649552325584,0,0,4,21.9300027378571,480.92502008242,174.67541026482,"C1"
"C",1,42,172.319678090025,0,0,4,22.7778322585714,518.829642399616,175.649552325584,"C1"
"C",1,43,139.772765857608,0,0,4,23.6256617792857,558.171894509201,172.319678090025,"C1"
"C",1,44,162.028198082514,0,0,4,24.4734913,598.951776411176,139.772765857608,"C1"
"C",1,45,114.626347912848,0,0,4,25.1793893614286,634.001648614424,162.028198082514,"C1"
"C",1,46,20.7172601798563,0,0,4,25.8852874228571,670.048104963924,114.626347912848,"C1"
"C",1,47,187.568827125362,0,0,4,26.5911854842857,707.091145459686,20.7172601798563,"C1"
"C",1,48,293.860296260546,0,0,4,27.2970835457143,745.130770101706,187.568827125362,"C1"
"C",1,49,270.127704272621,0,0,4,28.0029816071429,784.166978889984,293.860296260546,"C1"
"C",1,50,255.725678033323,0,0,4,28.7088796685714,824.199771824512,270.127704272621,"C1"
"C",1,51,354.994547466544,0,0,4,29.41477773,865.229148905304,255.725678033323,"C1"
"C",1,52,217.6789566288,0,0,4,29.6202775635714,877.360842943011,354.994547466544,"C1"
"C",1,53,223.364515821578,0,0,4,29.8257773971429,889.57699734392,217.6789566288,"C1"
"C",1,54,260.188847352713,0,0,4,30.0312772307143,901.877612108019,223.364515821578,"C1"
"C",1,55,248.670143994191,0,0,4,30.2367770642857,914.262687235314,260.188847352713,"C1"
"C",1,56,380.513416201556,0,0,4,30.4422768978571,926.732222725804,248.670143994191,"C1"
"C",1,57,256.07467475373,0,0,4,30.6477767314286,939.286218579496,380.513416201556,"C1"
"C",1,58,341.488116769151,0,0,4,30.853276565,951.924674796378,256.07467475373,"C1"
"C",1,59,272.665357183879,0,0,4,32.4321595483333,1051.84497296855,341.488116769151,"C1"
"C",1,60,227.946982365705,0,0,4,34.0110425316667,1156.75101409084,272.665357183879,"C1"
"C",1,61,102.405325434086,0,0,4,35.589925515,1266.64279816325,227.946982365705,"C1"
"C",1,62,192.576118394049,0,0,4,37.1688084983333,1381.52032518577,102.405325434086,"C1"
"C",1,63,297.780618821906,0,0,4,38.7476914816667,1501.38359515843,192.576118394049,"C1"
"C",1,64,167.17951441538,0,0,4,40.326574465,1626.23260808119,297.780618821906,"C1"
"C",2,2,1.26547778841556e-05,0,0,8,9.58770647417141,91.9241154348684,208.750048349906,"C2"
"C",2,3,152.010658946874,0,0,8,9.27779249664192,86.0774336107451,1.26547778841556e-05,"C2"
"C",2,4,115.472845256404,0,0,8,8.96787851911243,80.4228451335582,152.010658946874,"C2"
"C",2,5,147.067628737958,0,0,8,8.65796454158294,74.9603500033075,115.472845256404,"C2"
"C",2,6,113.790130319639,0,0,8,8.34805056405345,69.6899482199931,147.067628737958,"C2"
"C",2,7,2.88814697677478e-05,0,0,8,8.03813658652396,64.6116397836151,113.790130319639,"C2"
"C",2,8,88.6252211235368,0,0,8,7.72822260899447,59.7254246941733,2.88814697677478e-05,"C2"
"C",2,9,2.53913494693307e-05,0,0,8,7.41830863146498,55.0313029516678,88.6252211235368,"C2"
"C",2,10,50.1864361692069,0,0,8,7.80457759882769,60.911431496123,2.53913494693307e-05,"C2"
"C",2,11,113.280522966288,0,0,8,8.1908465661904,67.0899674708731,50.1864361692069,"C2"
"C",2,12,86.7411917844111,0,0,8,8.57711553355311,73.5669108759181,113.280522966288,"C2"
"C",2,13,134.175062008735,0,0,8,8.96338450091582,80.3422617112579,86.7411917844111,"C2"
"C",2,14,106.776830524113,0,0,8,9.34965346827854,87.4160199768929,134.175062008735,"C2"
"C",2,15,168.696277050698,0,0,8,9.73592243564125,94.7881856728226,106.776830524113,"C2"
"C",2,16,153.063271815317,0,0,8,10.122191403004,102.458758799048,168.696277050698,"C2"
"C",2,17,63.8994969560932,0,0,8,10.5632537957689,111.582330753826,153.063271815317,"C2"
"C",2,18,226.438987787923,0,0,8,11.0043161885339,121.094974777229,63.8994969560932,"C2"
"C",2,19,156.244083787814,0,0,8,11.4453785812988,130.996690869253,226.438987787923,"C2"
"C",2,20,46.1939986410634,0,0,8,11.8864409740638,141.287479029903,156.244083787814,"C2"
"C",2,21,118.47813542926,0,0,8,12.3275033668288,151.967339259175,46.1939986410634,"C2"
"C",2,22,166.232259591344,0,0,8,12.7685657595937,163.036271557069,118.47813542926,"C2"
"C",2,23,44.5474895382671,0,0,8,13.2096281523587,174.494275923588,166.232259591344,"C2"
"C",2,24,158.528398085666,0,0,8,13.2368779998789,175.214939183678,44.5474895382671,"C2"
"C",2,25,5.03690963119238,0,0,8,13.2641278473991,175.937087552148,158.528398085666,"C2"
"C",2,26,167.843843602894,0,0,8,13.2913776949193,176.660721028998,5.03690963119238,"C2"
"C",2,27,154.673475402834,0,0,8,13.3186275424394,177.385839614225,167.843843602894,"C2"
"C",2,28,149.885359616522,0,0,8,13.3458773899596,178.112443307835,154.673475402834,"C2"
"C",2,29,172.115027924032,0,0,8,13.3731272374798,178.840532109824,149.885359616522,"C2"
"C",2,30,90.3615215142491,0,0,8,13.400377085,179.570106020193,172.115027924032,"C2"
"C",2,31,283.235543233434,0,0,8,14.1818851771429,201.125867177666,90.3615215142491,"C2"
"C",2,32,250.543723861131,0,0,8,14.9633932692857,223.903138131305,283.235543233434,"C2"
"C",2,33,225.190194823997,0,0,8,15.7449013614286,247.901918881116,250.543723861131,"C2"
"C",2,34,224.4699023097,0,0,8,16.5264094535714,273.122209427094,225.190194823997,"C2"
"C",2,35,314.86512109398,0,0,8,17.3079175457143,299.564009769245,224.4699023097,"C2"
"C",2,36,194.980421555454,0,0,8,18.0894256378571,327.227319907562,314.86512109398,"C2"
"C",2,37,464.900808070914,0,0,8,18.87093373,356.112139842052,194.980421555454,"C2"
"C",2,38,271.625541015236,0,0,8,19.7939844571429,391.801820689615,464.900808070914,"C2"
"C",2,39,349.651704188902,0,0,8,20.7170351842857,429.195546826932,271.625541015236,"C2"
"C",2,40,390.817940927149,0,0,8,21.6400859114286,468.293318254011,349.651704188902,"C2"
"C",2,41,360.660481756311,0,0,8,22.5631366385714,509.095134970843,390.817940927149,"C2"
"C",2,42,293.131345777652,0,0,8,23.4861873657143,551.600996977438,360.660481756311,"C2"
"C",2,43,224.41791977886,0,0,8,24.4092380928571,595.810904273786,293.131345777652,"C2"
"C",2,44,210.602793251614,0,0,8,25.33228882,641.724856859897,224.41791977886,"C2"
"C",2,45,265.008512673499,0,0,8,25.3816262792857,644.226952581326,210.602793251614,"C2"
"C",2,46,279.359773588243,0,0,8,25.4309637385714,646.733916672533,265.008512673499,"C2"
"C",2,47,363.874708858841,0,0,8,25.4803011978571,649.245749133518,279.359773588243,"C2"
"C",2,48,381.539156588376,0,0,8,25.5296386571429,651.762449964285,363.874708858841,"C2"
"C",2,49,369.417464422914,0,0,8,25.5789761164286,654.284019164825,381.539156588376,"C2"
"C",2,50,419.880784142432,0,0,8,25.6283135757143,656.810456735142,369.417464422914,"C2"
"C",2,51,259.498018228414,0,0,8,25.677651035,659.341762675237,419.880784142432,"C2"
"C",2,52,272.300827260111,0,0,8,26.0531240728571,678.765273955686,259.498018228414,"C2"
"C",2,53,244.283380144106,0,0,8,26.4285971107143,698.470745240456,272.300827260111,"C2"
"C",2,54,285.920954938035,0,0,8,26.8040701485714,718.458176529537,244.283380144106,"C2"
"C",2,55,107.613723420642,0,0,8,27.1795431864286,738.727567822937,285.920954938035,"C2"
"C",2,56,116.831422923394,0,0,8,27.5550162242857,759.278919120648,107.613723420642,"C2"
"C",2,57,163.909998052135,0,0,8,27.9304892621429,780.11223042268,116.831422923394,"C2"
"C",2,58,365.155315578008,0,0,8,28.3059623,801.227501729021,163.909998052135,"C2"
"C",2,59,286.666118875324,0,0,8,30.7579688883333,946.052650135679,365.155315578008,"C2"
"C",2,60,19.4693349930354,0,0,8,33.2099754766667,1102.9024711608,286.666118875324,"C2"
"C",2,61,1.15444450787998e-06,0,0,8,35.661982065,1271.77696480438,19.4693349930354,"C2"
"C",2,62,7.02343894699194e-05,0,0,8,38.1139886533333,1452.67613106642,1.15444450787998e-06,"C2"
"C",2,63,208.427273342717,0,0,8,40.5659952416667,1645.59996994693,7.02343894699194e-05,"C2"
"C",2,64,154.142288172267,0,0,8,43.01800183,1850.54848144588,208.427273342717,"C2"
"C",3,2,7.43280008633076e-06,0,0,9,5.78712440036001,33.4908088252422,83.2842145827122,"C3"
"C",3,3,94.4105843236373,0,0,9,6.21307952174437,38.6023571435192,7.43280008633076e-06,"C3"
"C",3,4,46.8434816924839,0,0,9,6.63903464312872,44.0767809926633,94.4105843236373,"C3"
"C",3,5,119.531421012397,0,0,9,7.06498976451307,49.9140803726744,46.8434816924839,"C3"
"C",3,6,72.8575753902467,0,0,9,7.49094488589742,56.1142552835527,119.531421012397,"C3"
"C",3,7,60.8841080963046,0,0,9,7.91690000728178,62.6773057252982,72.8575753902467,"C3"
"C",3,8,85.777895547573,0,0,9,8.34285512866613,69.6032316979108,60.8841080963046,"C3"
"C",3,9,4.77871120196897e-07,0,0,9,8.76881025005048,76.8920332013904,85.777895547573,"C3"
"C",3,10,63.4122862728771,0,0,9,9.28127750590041,86.1421121415329,4.77871120196897e-07,"C3"
"C",3,11,68.7588375607498,0,0,9,9.79374476175034,95.9174364583122,63.4122862728771,"C3"
"C",3,12,127.506414914402,0,0,9,10.3062120176003,106.218006151729,68.7588375607498,"C3"
"C",3,13,124.003901786542,0,0,9,10.8186792734502,117.043821221781,127.506414914402,"C3"
"C",3,14,78.5451911871122,0,0,9,11.3311465293001,128.39488166847,124.003901786542,"C3"
"C",3,15,207.396304986465,0,0,9,11.8436137851501,140.271187491797,78.5451911871122,"C3"
"C",3,16,174.907370342642,0,0,9,12.356081041,152.67273869176,207.396304986465,"C3"
"C",3,17,69.8130808642779,0,0,9,12.6027413169617,158.829088702254,174.907370342642,"C3"
"C",3,18,213.364160118103,0,0,9,12.8494015929235,165.107121296225,69.8130808642779,"C3"
"C",3,19,203.570602946524,0,0,9,13.0960618688852,171.506836473669,213.364160118103,"C3"
"C",3,20,165.697726015285,0,0,9,13.3427221448469,178.028234234588,203.570602946524,"C3"
"C",3,21,360.595388269245,0,0,9,13.5893824208087,184.671314578985,165.697726015285,"C3"
"C",3,22,388.236641801336,0,0,9,13.8360426967704,191.436077506854,360.595388269245,"C3"
"C",3,23,109.40427051312,0,0,9,14.0827029727322,198.3225230182,388.236641801336,"C3"
"C",3,24,237.189670110428,0,0,9,14.8068672130561,219.243316665076,109.40427051312,"C3"
"C",3,25,207.176168503956,0,0,9,15.5310314533801,241.212938005882,237.189670110428,"C3"
"C",3,26,252.927491604373,0,0,9,16.2551956937041,264.231387040616,207.176168503956,"C3"
"C",3,27,170.373356709364,0,0,9,16.9793599340281,288.298663769279,252.927491604373,"C3"
"C",3,28,157.297779911579,0,0,9,17.703524174352,313.414768191866,170.373356709364,"C3"
"C",3,29,308.479269516804,0,0,9,18.427688414676,339.579700308384,157.297779911579,"C3"
"C",3,30,192.304556323024,0,0,9,19.151852655,366.793460118831,308.479269516804,"C3"
"C",3,31,360.171742536411,0,0,9,19.8868276057143,395.4859122194,192.304556323024,"C3"
"C",3,32,260.642618004129,0,0,9,20.6218025564286,425.258740676325,360.171742536411,"C3"
"C",3,33,236.607921536618,0,0,9,21.3567775071429,456.111945489605,260.642618004129,"C3"
"C",3,34,343.392368162786,0,0,9,22.0917524578571,488.045526659235,236.607921536618,"C3"
"C",3,35,375.367554172941,0,0,9,22.8267274085714,521.059484185225,343.392368162786,"C3"
"C",3,36,252.816058257793,0,0,9,23.5617023592857,555.153818067569,375.367554172941,"C3"
"C",3,37,714.27748919037,0,0,9,24.29667731,590.328528306269,252.816058257793,"C3"
"C",3,38,401.957319355894,0,0,9,24.4056208528571,595.634329213413,714.27748919037,"C3"
"C",3,39,249.834267040318,0,0,9,24.5145643957143,600.963867511623,401.957319355894,"C3"
"C",3,40,215.731840490156,0,0,9,24.6235079385714,606.317143200889,249.834267040318,"C3"
"C",3,41,315.335206153324,0,0,9,24.7324514814286,611.69415628122,215.731840490156,"C3"
"C",3,42,359.019072443953,0,0,9,24.8413950242857,617.094906752606,315.335206153324,"C3"
"C",3,43,302.181053428819,0,0,9,24.9503385671429,622.519394615058,359.019072443953,"C3"
"C",3,44,214.735562344584,0,0,9,25.05928211,627.967619868566,302.181053428819,"C3"
"C",3,45,328.772736732281,0,0,9,25.4281086257143,646.588708281126,214.735562344584,"C3"
"C",3,46,187.336069177688,0,0,9,25.7969351414286,665.481862691074,328.772736732281,"C3"
"C",3,47,305.308183201369,0,0,9,26.1657616571429,684.64708309841,187.336069177688,"C3"
"C",3,48,522.651472793184,0,0,9,26.5345881728571,704.084369503128,305.308183201369,"C3"
"C",3,49,380.488702010351,0,0,9,26.9034146885714,723.793721905239,522.651472793184,"C3"
"C",3,50,423.030251200558,0,0,9,27.2722412042857,743.775140304739,380.488702010351,"C3"
"C",3,51,505.497377145178,0,0,9,27.64106772,764.028624701626,423.030251200558,"C3"
"C",3,52,317.625475145488,0,0,9,28.197910245,795.122142185076,505.497377145178,"C3"
"C",3,53,227.880554333631,0,0,9,28.75475277,826.835806863823,317.625475145488,"C3"
"C",3,54,301.986790930119,0,0,9,29.311595295,859.169618737866,227.880554333631,"C3"
"C",3,55,302.632704840827,0,0,9,29.86843782,892.123577807206,301.986790930119,"C3"
"C",3,56,315.392252968982,0,0,9,30.425280345,925.697684071843,302.632704840827,"C3"
"C",3,57,271.318950806291,0,0,9,30.98212287,959.891937531777,315.392252968982,"C3"
"C",3,58,349.457789347011,0,0,9,31.538965395,994.706338187008,271.318950806291,"C3"
"C",3,59,239.203113188297,0,0,9,34.3328293241667,1178.74316940236,349.457789347011,"C3"
"C",3,60,219.080559516784,0,0,9,37.1266932533333,1378.3913519271,239.203113188297,"C3"
"C",3,61,141.190839525394,0,0,9,39.9205571825,1593.65088576125,219.080559516784,"C3"
"C",3,62,160.666348036664,0,0,9,42.7144211116667,1824.5217709048,141.190839525394,"C3"
"C",3,63,58.9972366435738,0,0,9,45.5082850408333,2071.00400735773,160.666348036664,"C3"
"C",3,64,11.7731820446353,0,0,9,48.30214897,2333.09759512007,58.9972366435738,"C3"
"D",1,2,3.26318714912812e-07,0,1,2,9.26034676666571,85.7540222388961,134.783248796456,"D1"
"D",1,3,80.2829995339196,0,1,2,9.48466249393183,89.9588226237972,3.26318714912812e-07,"D1"
"D",1,4,92.3910687061744,0,1,2,9.70897822119795,94.2642580996961,80.2829995339196,"D1"
"D",1,5,128.394237219776,0,1,2,9.93329394846407,98.6703286665929,92.3910687061744,"D1"
"D",1,6,67.3953745126491,0,1,2,10.1576096757302,103.177034324488,128.394237219776,"D1"
"D",1,7,47.8932693851657,0,1,2,10.3819254029963,107.78437507338,67.3953745126491,"D1"
"D",1,11,165.978837591032,0,1,2,10.5989455955887,112.337647738249,84.1720978109211,"D1"
"D",1,12,195.564613712016,0,1,2,10.4831399646188,109.896223517788,165.978837591032,"D1"
"D",1,13,205.514654730666,0,1,2,10.3673343336489,107.481621185655,195.564613712016,"D1"
"D",1,14,145.95055774857,0,1,2,10.251528702679,105.093840741851,205.514654730666,"D1"
"D",1,15,286.860254473759,0,1,2,10.135723071709,102.732882186374,145.95055774857,"D1"
"D",1,16,257.003450939597,0,1,2,10.0199174407391,100.398745519228,286.860254473759,"D1"
"D",1,17,92.6571429593377,0,1,2,10.1613097913789,103.252216676373,257.003450939597,"D1"
"D",1,18,261.323555155354,0,1,2,10.3027021420186,106.145671427155,92.6571429593377,"D1"
"D",1,19,156.637589035985,0,1,2,10.4440944926583,109.079109771575,261.323555155354,"D1"
"D",1,20,201.220296516028,0,1,2,10.5854868432981,112.052531709637,156.637589035985,"D1"
"D",1,21,291.265561142841,0,1,2,10.7268791939378,115.065937241336,201.220296516028,"D1"
"D",1,22,355.668205261243,0,1,2,10.8682715445776,118.119326366675,291.265561142841,"D1"
"D",1,23,263.292190880038,0,1,2,11.0096638952173,121.212699085651,355.668205261243,"D1"
"D",1,24,375.406742490917,0,1,2,11.6266263551863,135.178440403113,263.292190880038,"D1"
"D",1,25,388.622595322044,0,1,2,12.2435888151552,149.905467074594,375.406742490917,"D1"
"D",1,26,409.962159686749,0,1,2,12.8605512751242,165.393779100099,388.622595322044,"D1"
"D",1,27,274.987440213009,0,1,2,13.4775137350931,181.643376479623,409.962159686749,"D1"
"D",1,28,332.569880077059,0,1,2,14.0944761950621,198.654259213172,274.987440213009,"D1"
"D",1,29,249.483016877715,0,1,2,14.711438655031,216.42642730074,332.569880077059,"D1"
"D",1,30,131.472383693083,0,1,2,15.328401115,234.959880742333,249.483016877715,"D1"
"D",1,31,200.289705537418,0,1,2,16.2217724171429,263.145900353578,131.472383693083,"D1"
"D",1,32,110.46884739823,0,1,2,17.1151437192857,292.928144531805,200.289705537418,"D1"
"D",1,33,154.209098376643,0,1,2,18.0085150214286,324.30661327702,110.46884739823,"D1"
"D",1,34,174.883408978341,0,1,2,18.9018863235714,357.281306589216,154.209098376643,"D1"
"D",1,35,189.023461546693,0,1,2,19.7952576257143,391.8522244684,174.883408978341,"D1"
"D",1,36,143.408842453516,0,1,2,20.6886289278571,428.019366914566,189.023461546693,"D1"
"D",1,37,433.478964775492,0,1,2,21.58200023,465.78273392772,143.408842453516,"D1"
"D",1,38,146.83527066812,0,1,2,22.1015782621429,488.479761677628,433.478964775492,"D1"
"D",1,39,369.250924807614,0,1,2,22.6211562942857,511.716712090502,146.83527066812,"D1"
"D",1,40,310.036225463576,0,1,2,23.1407343264286,535.493585166351,369.250924807614,"D1"
"D",1,41,283.694477329659,0,1,2,23.6603123585714,559.810380905167,310.036225463576,"D1"
"D",1,42,191.783742635421,0,1,2,24.1798903907143,584.667099306958,283.694477329659,"D1"
"D",1,43,93.7462210088709,0,1,2,24.6994684228571,610.063740371715,191.783742635421,"D1"
"D",1,44,31.2283600614703,0,1,2,25.219046455,636.000304099448,93.7462210088709,"D1"
"D",1,45,11.048906085741,0,1,2,25.5752580242857,654.09382300879,31.2283600614703,"D1"
"D",1,46,2.75365056036281e-06,0,1,2,25.9314695935714,672.441115282318,11.048906085741,"D1"
"D",1,47,9.98004639596616,0,1,2,26.2876811628571,691.042180920032,2.75365056036281e-06,"D1"
"D",1,48,294.401672084679,0,1,2,26.6438927321429,709.897019921937,9.98004639596616,"D1"
"D",1,49,231.524421206528,0,1,2,27.0001043014286,729.005632288023,294.401672084679,"D1"
"D",1,50,79.6536363356966,0,1,2,27.3563158707143,748.368018018295,231.524421206528,"D1"
"D",1,51,218.131419657821,0,1,2,27.71252744,767.984177112753,79.6536363356966,"D1"
"D",1,52,144.006117922695,0,1,2,28.1010412507143,789.668519374347,218.131419657821,"D1"
"D",1,53,83.9149916411393,0,1,2,28.4895550614286,811.654747598172,144.006117922695,"D1"
"D",1,54,161.094312299981,0,1,2,28.8780688721429,833.942861784229,83.9149916411393,"D1"
"D",1,55,91.7150789115527,0,1,2,29.2665826828571,856.532861932511,161.094312299981,"D1"
"D",1,56,191.201618077219,0,1,2,29.6550964935714,879.424748043031,91.7150789115527,"D1"
"D",1,57,123.282050946601,0,1,2,30.0436103042857,902.618520115782,191.201618077219,"D1"
"D",1,58,213.962512297367,0,1,2,30.432124115,926.114178150765,123.282050946601,"D1"
"D",1,59,199.011347769877,0,1,2,31.8257658258333,1012.87937040078,213.962512297367,"D1"
"D",1,60,38.6770184589218,0,1,2,33.2194075366667,1103.52903708715,199.011347769877,"D1"
"D",1,61,5.59853996084162e-05,0,1,2,34.6130492475,1198.06317820986,38.6770184589218,"D1"
"D",1,62,8.21649530777325,0,1,2,36.0066909583333,1296.48179376892,5.59853996084162e-05,"D1"
"D",1,63,100.258655020718,0,1,2,37.4003326691667,1398.78488376434,8.21649530777325,"D1"
"D",1,64,117.81281101528,0,1,2,38.79397438,1504.9724481961,100.258655020718,"D1"
"D",2,2,2.46558844940674e-06,0,1,6,5.99169533617833,35.9004130015811,87.3648335170764,"D2"
"D",2,3,97.4534363226034,0,1,6,6.10088396341401,37.2207851350422,2.46558844940674e-06,"D2"
"D",2,4,63.9924789540148,0,1,6,6.21007259064971,38.5650015811388,97.4534363226034,"D2"
"D",2,5,131.89172063555,0,1,6,6.3192612178854,39.9330623398705,63.9924789540148,"D2"
"D",2,6,107.612935375295,0,1,6,6.42844984512108,41.3249674112372,131.89172063555,"D2"
"D",2,7,1.6344890912301e-06,0,1,6,6.53763847235678,42.7407167952395,107.612935375295,"D2"
"D",2,8,59.7022234640372,0,1,6,6.64682709959246,44.1803104918767,1.6344890912301e-06,"D2"
"D",2,9,46.3311717193378,0,1,6,6.75601572682815,45.6437485011493,59.7022234640372,"D2"
"D",2,10,96.5347892915387,0,1,6,7.25231019968458,52.596003232449,46.3311717193378,"D2"
"D",2,11,145.506269769999,0,1,6,7.748604672541,60.0408743713242,96.5347892915387,"D2"
"D",2,12,187.008451114144,0,1,6,8.24489914539742,67.9783619177751,145.506269769999,"D2"
"D",2,13,148.392512122502,0,1,6,8.74119361825384,76.4084658718017,187.008451114144,"D2"
"D",2,14,193.086150233177,0,1,6,9.23748809111026,85.3311862334039,148.392512122502,"D2"
"D",2,15,273.961377350265,0,1,6,9.73378256396668,94.7465230025817,193.086150233177,"D2"
"D",2,16,169.006748418427,0,1,6,10.2300770368231,104.654476179335,273.961377350265,"D2"
"D",2,17,93.858074685978,0,1,6,10.5168041318861,110.603169148457,169.006748418427,"D2"
"D",2,18,236.100093430123,0,1,6,10.8035312269492,116.716286971666,93.858074685978,"D2"
"D",2,19,190.106500853023,0,1,6,11.0902583220122,122.993829648961,236.100093430123,"D2"
"D",2,20,159.860269068403,0,1,6,11.3769854170752,129.435797180342,190.106500853023,"D2"
"D",2,21,272.400763902724,0,1,6,11.6637125121383,136.042189565812,159.860269068403,"D2"
"D",2,22,285.085574759115,0,1,6,11.9504396072013,142.813006805366,272.400763902724,"D2"
"D",2,23,228.255892079017,0,1,6,12.2371667022643,149.748248899006,285.085574759115,"D2"
"D",2,24,373.288965519609,0,1,6,11.9654423952266,143.171811713486,228.255892079017,"D2"
"D",2,25,320.582333628334,0,1,6,11.6937180881888,136.743042726034,373.288965519609,"D2"
"D",2,26,296.357931101213,0,1,6,11.4219937811511,130.461941936654,320.582333628334,"D2"
"D",2,27,163.944239905642,0,1,6,11.1502694741133,124.328509345343,296.357931101213,"D2"
"D",2,28,206.678711396085,0,1,6,10.8785451670755,118.342744952102,163.944239905642,"D2"
"D",2,29,223.122205224287,0,1,6,10.6068208600378,112.504648756933,206.678711396085,"D2"
"D",2,30,233.827424095976,0,1,6,10.335096553,106.814220759832,223.122205224287,"D2"
"D",2,31,401.900892509051,0,1,6,11.5637373304286,133.720021047148,233.827424095976,"D2"
"D",2,32,345.385455681722,0,1,6,12.7923781078571,163.644937654382,401.900892509051,"D2"
"D",2,33,347.581318685944,0,1,6,14.0210188852857,196.588970581538,345.385455681722,"D2"
"D",2,34,416.334675968216,0,1,6,15.2496596627143,232.552119828616,347.581318685944,"D2"
"D",2,35,484.68214566975,0,1,6,16.4783004401429,271.534385395614,416.334675968216,"D2"
"D",2,36,428.548531759391,0,1,6,17.7069412175714,313.535767282529,484.68214566975,"D2"
"D",2,37,661.995987677004,0,1,6,18.935581995,358.556265489368,428.548531759391,"D2"
"D",2,38,320.627690758519,0,1,6,19.284570995,371.894678461195,661.995987677004,"D2"
"D",2,39,449.670488579522,0,1,6,19.633559995,385.476678077264,320.627690758519,"D2"
"D",2,40,510.45419116665,0,1,6,19.982548995,399.302264337575,449.670488579522,"D2"
"D",2,41,607.376025203205,0,1,6,20.331537995,413.371437242129,510.45419116665,"D2"
"D",2,42,547.703863272208,0,1,6,20.680526995,427.684196790924,607.376025203205,"D2"
"D",2,43,587.024330288246,0,1,6,21.029515995,442.240542983961,547.703863272208,"D2"
"D",2,44,426.074808112594,0,1,6,21.378504995,457.04047582124,587.024330288246,"D2"
"D",2,45,572.981974057631,0,1,6,22.0111022435714,484.488621976954,426.074808112594,"D2"
"D",2,46,638.332170519191,0,1,6,22.6436994921429,512.737126690473,572.981974057631,"D2"
"D",2,47,575.715312482737,0,1,6,23.2762967407143,541.785989961787,638.332170519191,"D2"
"D",2,48,724.013490121074,0,1,6,23.9088939892857,571.635211790902,575.715312482737,"D2"
"D",2,49,564.14699515962,0,1,6,24.5414912378571,602.284792177817,724.013490121074,"D2"
"D",2,50,547.432301892932,0,1,6,25.1740884864286,633.734731122537,564.14699515962,"D2"
"D",2,51,656.196716927775,0,1,6,25.806685735,665.985028625052,547.432301892932,"D2"
"D",2,52,283.13936144871,0,1,6,26.2048064092857,686.691878948141,656.196716927775,"D2"
"D",2,53,315.337706638772,0,1,6,26.6029270835714,707.715729413817,283.13936144871,"D2"
"D",2,54,461.308332268659,0,1,6,27.0010477578571,729.05658002208,315.337706638772,"D2"
"D",2,55,386.561963775534,0,1,6,27.3991684321429,750.714430772936,461.308332268659,"D2"
"D",2,56,357.192830430296,0,1,6,27.7972891064286,772.689281666374,386.561963775534,"D2"
"D",2,57,347.60841857508,0,1,6,28.1954097807143,794.9811327024,357.192830430296,"D2"
"D",2,58,461.197902989188,0,1,6,28.593530455,817.589983881012,347.60841857508,"D2"
"D",2,59,593.282603386783,0,1,6,30.0237489041667,901.425498260451,461.197902989188,"D2"
"D",2,60,434.181921883811,0,1,6,31.4539673533333,989.352062264557,593.282603386783,"D2"
"D",2,61,400.991881219839,0,1,6,32.8841858025,1081.36967589334,434.181921883811,"D2"
"D",2,62,303.950188506919,0,1,6,34.3144042516667,1177.4783391468,400.991881219839,"D2"
"D",2,63,323.785843419264,0,1,6,35.7446227008333,1277.67805202493,303.950188506919,"D2"
"D",2,64,175.691699965649,0,1,6,37.17484115,1381.96881452773,323.785843419264,"D2"
"D",3,2,1.82416767380076e-07,0,1,7,7.47339938931575,55.851698432225,126.986870932946,"D3"
"D",3,3,112.013180288882,0,1,7,7.42480443784698,55.1277209402722,1.82416767380076e-07,"D3"
"D",3,4,93.2126492403326,0,1,7,7.3762094863782,54.4084663869357,112.013180288882,"D3"
"D",3,5,122.637705289865,0,1,7,7.32761453490943,53.6939347722159,93.2126492403326,"D3"
"D",3,6,109.610927893947,0,1,7,7.27901958344066,52.9841260961126,122.637705289865,"D3"
"D",3,7,55.3768190435228,0,1,7,7.23042463197189,52.2790403586258,109.610927893947,"D3"
"D",3,8,105.922606159138,0,1,7,7.18182968050312,51.5786775597555,55.3768190435228,"D3"
"D",3,9,11.5710915716755,0,1,7,7.13323472903435,50.8830376995018,105.922606159138,"D3"
"D",3,10,90.1490481697695,0,1,7,7.25550800257657,52.6423963754526,11.5710915716755,"D3"
"D",3,11,126.372213794711,0,1,7,7.37778127611879,54.431656558249,90.1490481697695,"D3"
"D",3,12,80.2366169785146,0,1,7,7.50005454966102,56.250818247891,126.372213794711,"D3"
"D",3,13,101.303454986855,0,1,7,7.62232782320324,58.0998814443782,80.2366169785146,"D3"
"D",3,14,30.6645725500172,0,1,7,7.74460109674547,59.9788461477111,101.303454986855,"D3"
"D",3,15,140.690611339804,0,1,7,7.86687437028769,61.8877123578893,30.6645725500172,"D3"
"D",3,16,241.24405650366,0,1,7,7.98914764382991,63.826480074913,140.690611339804,"D3"
"D",3,17,83.7508239823181,0,1,7,8.38576646339879,70.3210791786639,241.24405650366,"D3"
"D",3,18,254.690987829512,0,1,7,8.78238528296767,77.1302912584871,83.7508239823181,"D3"
"D",3,19,156.944725343246,0,1,7,9.17900410253655,84.2541163143828,254.690987829512,"D3"
"D",3,20,132.647899177901,0,1,7,9.57562292210543,91.6925543463509,156.944725343246,"D3"
"D",3,21,197.451462569231,0,1,7,9.97224174167431,99.4456053543915,132.647899177901,"D3"
"D",3,22,255.108700299369,0,1,7,10.3688605612432,107.513269338505,197.451462569231,"D3"
"D",3,23,203.576662271284,0,1,7,10.7654793808121,115.89554629869,255.108700299369,"D3"
"D",3,24,330.729247030072,0,1,7,10.6658806071246,113.761009125437,203.576662271284,"D3"
"D",3,25,270.983682275526,0,1,7,10.5662818334372,111.646311783625,330.729247030072,"D3"
"D",3,26,315.896754564938,0,1,7,10.4666830597498,109.551454273253,270.983682275526,"D3"
"D",3,27,257.408305109625,0,1,7,10.3670842860623,107.47643659432,315.896754564938,"D3"
"D",3,28,276.431210004309,0,1,7,10.2674855123749,105.421258746828,257.408305109625,"D3"
"D",3,29,253.058854635879,0,1,7,10.1678867386874,103.385920730775,276.431210004309,"D3"
"D",3,30,261.665663549359,0,1,7,10.068287965,101.370422546164,253.058854635879,"D3"
"D",3,31,411.49896347631,0,1,7,15.1537690992857,229.636717914466,261.665663549359,"D3"
"D",3,32,417.447156440243,0,1,7,20.2392502335714,409.62725001712,411.49896347631,"D3"
"D",3,33,387.963359710048,0,1,7,25.3247313678571,641.342018854125,417.447156440243,"D3"
"D",3,34,483.700646524539,0,1,7,30.4102125021429,924.781024425488,387.963359710048,"D3"
"D",3,35,521.458860341136,0,1,7,35.4956936364286,1259.9442667312,483.700646524539,"D3"
"D",3,36,361.883777791477,0,1,7,40.5811747707143,1646.83174577126,521.458860341136,"D3"
"D",3,37,563.657871367596,0,1,7,45.666655905,2085.44346154567,361.883777791477,"D3"
"D",3,38,432.638834276171,0,1,7,42.3036127342857,1789.59565037242,563.657871367596,"D3"
"D",3,39,519.464421769451,0,1,7,38.9405695635714,1516.36795793534,432.638834276171,"D3"
"D",3,40,546.517477114457,0,1,7,35.5775263928571,1265.76038423444,519.464421769451,"D3"
"D",3,41,484.712545475544,0,1,7,32.2144832221429,1037.77292926973,546.517477114457,"D3"
"D",3,42,474.936280081209,0,1,7,28.8514400514286,832.405593041178,484.712545475544,"D3"
"D",3,43,489.144652376359,0,1,7,25.4883968807143,649.658375548806,474.936280081209,"D3"
"D",3,44,347.580684602809,0,1,7,22.12535371,489.531276792611,489.144652376359,"D3"
"D",3,45,362.308472166917,0,1,7,22.9106667371429,524.898650340426,347.580684602809,"D3"
"D",3,46,307.567822896566,0,1,7,23.6959797642857,561.499456989437,362.308472166917,"D3"
"D",3,47,440.446391189813,0,1,7,24.4812927914286,599.333696739654,307.567822896566,"D3"
"D",3,48,592.852715640116,0,1,7,25.2666058185714,638.401369591066,440.446391189813,"D3"
"D",3,49,495.904407071289,0,1,7,26.0519188457143,678.702475543684,592.852715640116,"D3"
"D",3,50,393.976401188897,0,1,7,26.8372318728571,720.237014597497,495.904407071289,"D3"
"D",3,51,543.115392851773,0,1,7,27.6225449,763.004986752516,393.976401188897,"D3"
"D",3,52,286.409198076422,0,1,7,27.7768623242857,771.554080582322,543.115392851773,"D3"
"D",3,53,225.850784215451,0,1,7,27.9311797485714,780.150802147005,286.409198076422,"D3"
"D",3,54,428.941930156701,0,1,7,28.0854971728571,788.795151446564,225.850784215451,"D3"
"D",3,55,308.636623881712,0,1,7,28.2398145971429,797.487128481005,428.941930156701,"D3"
"D",3,56,278.694282821154,0,1,7,28.3941320214286,806.226733250317,308.636623881712,"D3"
"D",3,57,274.166159165614,0,1,7,28.5484494457143,815.013965754505,278.694282821154,"D3"
"D",3,58,426.466279983803,0,1,7,28.70276687,823.84882599357,274.166159165614,"D3"
"D",3,59,453.189759640468,0,1,7,31.0217375425,962.348200155754,426.466279983803,"D3"
"D",3,60,348.991200927566,0,1,7,33.340708215,1111.60282427777,453.189759640468,"D3"
"D",3,61,394.109360946279,0,1,7,35.6596788875,1271.61269835961,348.991200927566,"D3"
"D",3,62,342.763405258946,0,1,7,37.97864956,1442.37782240129,394.109360946279,"D3"
"D",3,63,401.270786150211,0,1,7,40.2976202325,1623.89819640279,342.763405258946,"D3"
"D",3,64,235.132690239006,0,1,7,42.616590905,1816.17382036413,401.270786150211,"D3"
